No,Keyword,Search Volume,CPC,Paid Difficulty,SEO Difficulty
1,"indian car images",1600,"₹0",1,79
2,"most popular indian cars",2400,"₹12.00",5,7
3,"car images india",1900,"₹0",1,13
4,"india cars images",1600,"₹0",1,13
5,"indian cars images",1600,"₹0",1,13
6,"india car images",1600,"₹0",1,13
7,"indian car photos",880,"₹0",1,81
8,"car to buy in india",880,"₹13.65",26,48
9,"3d car images",720,"₹0",1,13
10,"car driving images india",480,"₹0",1,86
11,"indian cars wallpaper",390,"₹0",1,13
12,"car images price",390,"₹8.69",5,56
13,"indian car wallpaper",390,"₹0",1,71
14,"car picture indian",170,"₹0",1,13
15,"indian car pictures",170,"₹0",1,13
16,"indian car picture",170,"₹0",3,79
17,"near images",170,"₹0",1,87
18,"police car images india",70,"₹0",13,9
19,"indian car images hd",70,"₹0",1,5
20,"indian old car images",70,"₹0",1,5
21,"top 10 indian car logos",70,"₹0",1,5
22,"how much cars in india",70,"₹0",2,6
23,"indian car logo images",50,"₹0",1,5
24,"car name list with image",50,"₹0",1,5
25,"old car images in india",50,"₹0",1,5
26,"indian police car images",50,"₹0",1,5
27,"how much vehicles in india",50,"₹0",1,6
28,"car images indian",50,"₹0",1,13
29,"indian car quiz",50,"₹0",1,71
30,"indian car number plate images",50,"₹0",1,5
